[
  {
    "id": 1,
    "name": "keka"
  },
  {
    "id": 2,
    "name": "Item 2"
  },
  {
    "id": 3,
    "name": "Item 3"
  },
  {
    "name": "new item",
    "id": 4
  },
  {
    "name": "new item",
    "id": 5
  },
  {
    "name": "new item",
    "id": 6
  },
  {
    "name": "new item",
    "id": 7
  },
  {
    "name": "new item",
    "id": 8
  },
  {
    "name": "new item",
    "id": 9
  },
  {
    "name": "new item",
    "id": 10
  },
  {
    "name": "new item",
    "id": 11
  },
  {
    "name": "new item",
    "id": 12
  }
]