{
    "files": [
        {
            "fieldname": "images",
            "originalname": "Test.txt",
            "encoding": "7bit",
            "mimetype": "text/plain",
            "buffer": {
                "type": "Buffer",
                "data": [
                    49,
                    50
                ]
            },
            "size": 2
        },
        {
            "fieldname": "images",
            "originalname": "Test.txt",
            "encoding": "7bit",
            "mimetype": "text/plain",
            "buffer": {
                "type": "Buffer",
                "data": [
                    49,
                    50
                ]
            },
            "size": 2
        },
        {
            "fieldname": "hhhh",
            "originalname": "Day9.txt",
            "encoding": "7bit",
            "mimetype": "text/plain",
            "buffer": {
                "type": "Buffer",
                "data": [
                    216,
                    173,
                    216,
                    168,
                    217,
                    138,
                    216,
                    168,
                    13,
                    10,
                    216,
                    185,
                    216,
                    168,
                    217,
                    138,
                    216,
                    177,
                    13,
                    10,
                    216,
                    167,
                    217,
                    138,
                    217,
                    135,
                    13,
                    10,
                    217,
                    133,
                    216,
                    173,
                    217,
                    133,
                    216,
                    175,
                    32,
                    217,
                    133,
                    217,
                    136,
                    216,
                    179,
                    217,
                    138,
                    13,
                    10
                ]
            },
            "size": 47
        }
    ],
    "body": {}
}