[
    {
        "id": 1,
        "name": "During Department"
    },
    {
        "id": 2,
        "name": "Career Department"
    },
    {
        "id": 3,
        "name": "Low Department"
    },
    {
        "id": 4,
        "name": "Respond Department"
    },
    {
        "id": 5,
        "name": "Hot Department"
    },
    {
        "id": 6,
        "name": "About Department"
    },
    {
        "id": 7,
        "name": "Growth Department"
    },
    {
        "id": 8,
        "name": "Environmental Department"
    },
    {
        "id": 9,
        "name": "Very Department"
    },
    {
        "id": 10,
        "name": "Character Department"
    },
    {
        "id": 11,
        "name": "Movement Department"
    },
    {
        "id": 12,
        "name": "Act Department"
    },
    {
        "id": 13,
        "name": "Job Department"
    },
    {
        "id": 14,
        "name": "Do Department"
    },
    {
        "id": 15,
        "name": "Someone Department"
    },
    {
        "id": 16,
        "name": "All Department"
    },
    {
        "id": 17,
        "name": "Force Department"
    },
    {
        "id": 18,
        "name": "Star Department"
    },
    {
        "id": 19,
        "name": "Fast Department"
    },
    {
        "id": 20,
        "name": "Without Department"
    },
    {
        "id": 21,
        "name": "Pressure Department"
    },
    {
        "id": 22,
        "name": "Letter Department"
    },
    {
        "id": 23,
        "name": "Figure Department"
    },
    {
        "id": 24,
        "name": "Attack Department"
    },
    {
        "id": 25,
        "name": "Often Department"
    },
    {
        "id": 26,
        "name": "Drug Department"
    },
    {
        "id": 27,
        "name": "Significant Department"
    },
    {
        "id": 28,
        "name": "Hard Department"
    },
    {
        "id": 29,
        "name": "Reach Department"
    },
    {
        "id": 30,
        "name": "Big Department"
    },
    {
        "id": 31,
        "name": "During Department"
    },
    {
        "id": 32,
        "name": "You Department"
    },
    {
        "id": 33,
        "name": "Evening Department"
    },
    {
        "id": 34,
        "name": "Past Department"
    },
    {
        "id": 35,
        "name": "Couple Department"
    },
    {
        "id": 36,
        "name": "Again Department"
    },
    {
        "id": 37,
        "name": "Order Department"
    },
    {
        "id": 38,
        "name": "Author Department"
    },
    {
        "id": 39,
        "name": "Effect Department"
    },
    {
        "id": 40,
        "name": "Treatment Department"
    },
    {
        "id": 41,
        "name": "Bag Department"
    },
    {
        "id": 42,
        "name": "Fine Department"
    },
    {
        "id": 43,
        "name": "Executive Department"
    },
    {
        "id": 44,
        "name": "Prevent Department"
    },
    {
        "id": 45,
        "name": "Center Department"
    },
    {
        "id": 46,
        "name": "Rich Department"
    },
    {
        "id": 47,
        "name": "Let Department"
    },
    {
        "id": 48,
        "name": "Subject Department"
    },
    {
        "id": 49,
        "name": "Thank Department"
    },
    {
        "id": 50,
        "name": "Fly Department"
    },
    {
        "id": 51,
        "name": "Training Department"
    },
    {
        "id": 52,
        "name": "Author Department"
    },
    {
        "id": 53,
        "name": "World Department"
    },
    {
        "id": 54,
        "name": "Issue Department"
    },
    {
        "id": 55,
        "name": "Certain Department"
    },
    {
        "id": 56,
        "name": "Later Department"
    },
    {
        "id": 57,
        "name": "Sea Department"
    },
    {
        "id": 58,
        "name": "Trouble Department"
    },
    {
        "id": 59,
        "name": "Dinner Department"
    },
    {
        "id": 60,
        "name": "Two Department"
    },
    {
        "id": 61,
        "name": "Minute Department"
    },
    {
        "id": 62,
        "name": "Trouble Department"
    },
    {
        "id": 63,
        "name": "Within Department"
    },
    {
        "id": 64,
        "name": "Capital Department"
    },
    {
        "id": 65,
        "name": "Resource Department"
    },
    {
        "id": 66,
        "name": "Might Department"
    },
    {
        "id": 67,
        "name": "Interest Department"
    },
    {
        "id": 68,
        "name": "Wall Department"
    },
    {
        "id": 69,
        "name": "Enjoy Department"
    },
    {
        "id": 70,
        "name": "Continue Department"
    },
    {
        "id": 71,
        "name": "You Department"
    },
    {
        "id": 72,
        "name": "Charge Department"
    },
    {
        "id": 73,
        "name": "Student Department"
    },
    {
        "id": 74,
        "name": "Art Department"
    },
    {
        "id": 75,
        "name": "Call Department"
    },
    {
        "id": 76,
        "name": "Box Department"
    },
    {
        "id": 77,
        "name": "Debate Department"
    },
    {
        "id": 78,
        "name": "Scene Department"
    },
    {
        "id": 79,
        "name": "Difficult Department"
    },
    {
        "id": 80,
        "name": "Month Department"
    },
    {
        "id": 81,
        "name": "Forward Department"
    },
    {
        "id": 82,
        "name": "Expect Department"
    },
    {
        "id": 83,
        "name": "World Department"
    },
    {
        "id": 84,
        "name": "Central Department"
    },
    {
        "id": 85,
        "name": "Yeah Department"
    },
    {
        "id": 86,
        "name": "Real Department"
    },
    {
        "id": 87,
        "name": "Develop Department"
    },
    {
        "id": 88,
        "name": "Some Department"
    },
    {
        "id": 89,
        "name": "Wait Department"
    },
    {
        "id": 90,
        "name": "Stock Department"
    },
    {
        "id": 91,
        "name": "Firm Department"
    },
    {
        "id": 92,
        "name": "Spring Department"
    },
    {
        "id": 93,
        "name": "Upon Department"
    },
    {
        "id": 94,
        "name": "Never Department"
    },
    {
        "id": 95,
        "name": "Foot Department"
    },
    {
        "id": 96,
        "name": "Long Department"
    },
    {
        "id": 97,
        "name": "Involve Department"
    },
    {
        "id": 98,
        "name": "Attack Department"
    },
    {
        "id": 99,
        "name": "To Department"
    },
    {
        "id": 100,
        "name": "Response Department"
    }
]