[{"id":1000,"name":"Hannah Scott","gender":"female","email":"acole@armstrong-cook.com","departmentId":93},{"id":1001,"name":"Stephanie Franklin","gender":"female","email":"jennifer14@gmail.com","departmentId":18},{"id":1002,"name":"Richard Bryant","gender":"male","email":"loweamy@gmail.com","departmentId":21},{"id":1003,"name":"Rebecca Patel","gender":"female","email":"chelsey22@kelly-ross.com","departmentId":100},{"id":1004,"name":"Katie Robinson","gender":"female","email":"qchristian@gibbs.com","departmentId":3},{"id":1005,"name":"Timothy Massey","gender":"male","email":"skinnercaroline@smith.info","departmentId":53},{"id":1006,"name":"Jill Miller","gender":"female","email":"jennifer75@gmail.com","departmentId":84},{"id":1007,"name":"Bruce King","gender":"male","email":"jeffrey64@hotmail.com","departmentId":59},{"id":1008,"name":"Kathleen Fuentes","gender":"female","email":"ashley26@nichols.com","departmentId":17},{"id":1009,"name":"Lisa Carter","gender":"female","email":"ryan27@yahoo.com","departmentId":24},{"id":1010,"name":"Amanda Love","gender":"female","email":"devin01@yahoo.com","departmentId":40},{"id":1011,"name":"Sean Lewis","gender":"male","email":"mike34@yahoo.com","departmentId":53},{"id":1012,"name":"Michelle Walker","gender":"female","email":"mguerrero@bailey-johnson.com","departmentId":23},{"id":1013,"name":"James Ingram","gender":"male","email":"jeremyburgess@gmail.com","departmentId":74},{"id":1014,"name":"Kaitlyn Zimmerman","gender":"female","email":"carlosrogers@stevens.info","departmentId":80},{"id":1015,"name":"Amanda Mckinney","gender":"female","email":"yolandalam@lopez.org","departmentId":90},{"id":1016,"name":"Patrick Moore","gender":"male","email":"allen17@yahoo.com","departmentId":17},{"id":1017,"name":"Jeffrey Fox","gender":"male","email":"derek32@hotmail.com","departmentId":47},{"id":1018,"name":"Frederick Morris","gender":"male","email":"murphymark@johnston.com","departmentId":72},{"id":1019,"name":"Mrs. Linda Warren","gender":"female","email":"carlos80@hotmail.com","departmentId":93},{"id":1020,"name":"Laura Garcia","gender":"female","email":"mirandachurch@hotmail.com","departmentId":8},{"id":1021,"name":"Jose George","gender":"male","email":"sabrina96@gmail.com","departmentId":43},{"id":1022,"name":"Adam Casey","gender":"male","email":"cassandra62@villarreal.com","departmentId":32},{"id":1023,"name":"Ian Roach","gender":"male","email":"michaelcollins@davidson.com","departmentId":70},{"id":1024,"name":"Jeremy Brady","gender":"male","email":"watersdavid@gmail.com","departmentId":80},{"id":1025,"name":"Linda Brown","gender":"female","email":"wilsondavid@henry-landry.com","departmentId":57},{"id":1026,"name":"Jonathan Newman","gender":"male","email":"aguirrelisa@green.com","departmentId":50},{"id":1027,"name":"Beth Reed","gender":"female","email":"donald44@gmail.com","departmentId":14},{"id":1028,"name":"Rachel Stevenson","gender":"female","email":"bellchristopher@delgado.com","departmentId":73},{"id":1029,"name":"Daniel Guzman","gender":"male","email":"smithpatrick@yahoo.com","departmentId":41},{"id":1030,"name":"Mary Johnson","gender":"female","email":"treynolds@yahoo.com","departmentId":86},{"id":1031,"name":"Tammy Allen","gender":"female","email":"ann89@hotmail.com","departmentId":30},{"id":1032,"name":"Andres Ferguson","gender":"male","email":"molinavincent@russell.biz","departmentId":79},{"id":1033,"name":"James Garcia","gender":"male","email":"xlarson@wilson.com","departmentId":4},{"id":1034,"name":"Jamie Wright","gender":"female","email":"matthewwolf@hotmail.com","departmentId":8},{"id":1035,"name":"Abigail Hurst","gender":"female","email":"amanda32@perez.biz","departmentId":66},{"id":1036,"name":"Crystal Smith","gender":"female","email":"boyddeborah@davis.com","departmentId":43},{"id":1037,"name":"Hannah Park","gender":"female","email":"yburns@hotmail.com","departmentId":62},{"id":1038,"name":"Rhonda Maxwell","gender":"female","email":"breannacook@hotmail.com","departmentId":48},{"id":1039,"name":"Jonathon Pierce","gender":"male","email":"briansmith@wade.info","departmentId":76},{"id":1040,"name":"Evan Porter","gender":"male","email":"melinda71@yahoo.com","departmentId":87},{"id":1041,"name":"Andrew Solomon","gender":"male","email":"turnermelanie@yahoo.com","departmentId":28},{"id":1042,"name":"Lori Hernandez","gender":"female","email":"delgadobonnie@chase-james.com","departmentId":39},{"id":1043,"name":"Amanda Abbott","gender":"female","email":"kempemily@johnson.com","departmentId":6},{"id":1044,"name":"Andrea Taylor","gender":"female","email":"daviscarl@yahoo.com","departmentId":42},{"id":1045,"name":"Tammy James","gender":"female","email":"wilsonmargaret@gmail.com","departmentId":5},{"id":1046,"name":"Danielle Murphy","gender":"female","email":"gayala@yahoo.com","departmentId":42},{"id":1047,"name":"Jeffrey Roberson","gender":"male","email":"erika82@yahoo.com","departmentId":8},{"id":1048,"name":"Jason Johnson","gender":"male","email":"williamsmichael@gregory.com","departmentId":31},{"id":1049,"name":"Michelle Nelson","gender":"female","email":"townsendrenee@nelson-joseph.biz","departmentId":85},{"id":1050,"name":"Mary Perez","gender":"female","email":"pamgordon@gmail.com","departmentId":45},{"id":1051,"name":"Jennifer Richardson","gender":"female","email":"vanessa12@parker-jones.com","departmentId":51},{"id":1052,"name":"James Espinoza","gender":"male","email":"vegaholly@salas.com","departmentId":72},{"id":1053,"name":"Curtis Price","gender":"male","email":"cobbrachel@rodriguez.com","departmentId":82},{"id":1054,"name":"Amy Cox","gender":"female","email":"hayesbrett@hall.com","departmentId":12},{"id":1055,"name":"Scott Berg","gender":"male","email":"chartman@yahoo.com","departmentId":12},{"id":1056,"name":"Gina Savage","gender":"female","email":"nbrown@richard.com","departmentId":20},{"id":1057,"name":"Brady Tucker","gender":"male","email":"jonathancarpenter@gmail.com","departmentId":8},{"id":1058,"name":"Laura Ballard","gender":"female","email":"johnsonjeffery@beck-english.com","departmentId":6},{"id":1059,"name":"Jennifer Garcia","gender":"female","email":"jlove@briggs.net","departmentId":87},{"id":1060,"name":"Mark Hayes","gender":"male","email":"alexandersmith@grant.com","departmentId":59},{"id":1061,"name":"Paula Smith","gender":"female","email":"youngrebecca@gmail.com","departmentId":30},{"id":1062,"name":"Laura Davis","gender":"female","email":"spetersen@gmail.com","departmentId":15},{"id":1063,"name":"Crystal Roberts","gender":"female","email":"brandon34@maldonado.info","departmentId":81},{"id":1064,"name":"Courtney King","gender":"female","email":"turnerjill@gmail.com","departmentId":22},{"id":1065,"name":"Antonio Jones","gender":"male","email":"coreylara@yahoo.com","departmentId":19},{"id":1066,"name":"Jennifer Williams MD","gender":"female","email":"qstone@yahoo.com","departmentId":12},{"id":1067,"name":"Richard Smith","gender":"male","email":"franciscostokes@webster.info","departmentId":69},{"id":1068,"name":"Jesus Mitchell","gender":"male","email":"mendozatimothy@yahoo.com","departmentId":63},{"id":1069,"name":"Selena Schmidt","gender":"female","email":"brandonortega@johnston.net","departmentId":3},{"id":1070,"name":"Amanda Gill","gender":"female","email":"rachellucas@hotmail.com","departmentId":33},{"id":1071,"name":"Brandon Gonzalez","gender":"male","email":"ejohnson@mendez.info","departmentId":26},{"id":1072,"name":"Miss Daisy Kelly","gender":"female","email":"alexisbird@thomas.info","departmentId":63},{"id":1073,"name":"Ricky Garcia","gender":"male","email":"bradley26@weeks-smith.biz","departmentId":49},{"id":1074,"name":"Jason Fry","gender":"male","email":"chenmelissa@hotmail.com","departmentId":87},{"id":1075,"name":"Matthew Lutz","gender":"male","email":"robertburns@gmail.com","departmentId":63},{"id":1076,"name":"Richard Nguyen","gender":"male","email":"jenniferjackson@gmail.com","departmentId":30},{"id":1077,"name":"Jason Sampson","gender":"male","email":"youngcynthia@brown-anthony.com","departmentId":49},{"id":1078,"name":"Dakota Noble","gender":"male","email":"hernandezmatthew@henderson.com","departmentId":38},{"id":1079,"name":"Terri Wright","gender":"female","email":"kellynorma@lutz.net","departmentId":83},{"id":1080,"name":"Larry Kelly","gender":"male","email":"kthomas@edwards-watts.com","departmentId":34},{"id":1081,"name":"Brianna Valencia","gender":"female","email":"christopher77@yahoo.com","departmentId":51},{"id":1082,"name":"Clayton Martin","gender":"male","email":"tylerfisher@gmail.com","departmentId":60},{"id":1083,"name":"James Case","gender":"male","email":"phillipvelez@yahoo.com","departmentId":37},{"id":1084,"name":"David Robles","gender":"male","email":"patriciashannon@luna.com","departmentId":37},{"id":1085,"name":"Lisa Hahn","gender":"female","email":"steven15@johnson.net","departmentId":56},{"id":1086,"name":"Christopher Moore","gender":"male","email":"garzanathan@hotmail.com","departmentId":78},{"id":1087,"name":"Michael Parker","gender":"male","email":"robin21@hotmail.com","departmentId":15},{"id":1088,"name":"Tyler Gonzalez","gender":"male","email":"randallscott@griffith.com","departmentId":20},{"id":1089,"name":"Justin Allen","gender":"male","email":"murphyeric@griffin-navarro.net","departmentId":81},{"id":1090,"name":"Paul Little","gender":"male","email":"leejeffery@morrison.biz","departmentId":44},{"id":1091,"name":"Mark Lindsey","gender":"male","email":"fcarroll@yahoo.com","departmentId":84},{"id":1092,"name":"Mrs. Carly Mason MD","gender":"female","email":"alyssa42@owens-dillon.info","departmentId":99},{"id":1093,"name":"Christopher Owens","gender":"male","email":"zprice@parker.biz","departmentId":51},{"id":1094,"name":"Alan Anderson","gender":"male","email":"lreynolds@humphrey.com","departmentId":78},{"id":1095,"name":"Douglas Morgan","gender":"male","email":"melissagoodwin@yahoo.com","departmentId":73},{"id":1096,"name":"Dana Deleon","gender":"female","email":"ogriffin@lee-bauer.biz","departmentId":84},{"id":1097,"name":"Jennifer Thomas","gender":"female","email":"victoriafloyd@white.com","departmentId":78},{"id":1098,"name":"Jennifer Hartman","gender":"female","email":"brittanypowers@yahoo.com","departmentId":92},{"id":1099,"name":"Gregory Garcia","gender":"male","email":"vgibson@yahoo.com","departmentId":47},{"id":2000,"name":"Taha hussein","gender":"male","image":"Taha hussein-1751966226939.png","departmentId":4},{"id":2000,"name":"Taha hussein","gender":"ali"}]